Top queries,Clicks,Impressions,CTR,Position
thinkmove solutions,121,225,53.78%,1.31
think move solutions,116,246,47.15%,1.01
think move,57,284,20.07%,3.73
paypal in nepal,43,5733,0.75%,5.68
thinkmove,31,251,12.35%,5.02
is paypal available in nepal,17,3104,0.55%,4.38
does paypal work in nepal,12,1838,0.65%,4.24
zoom in nepal,10,224,4.46%,3.42
when will paypal be available in nepal,9,275,3.27%,2.47
is paypal legal in nepal,8,718,1.11%,3.57
zoom subscription in nepal,8,119,6.72%,2.7
paypal nepal,6,523,1.15%,7.04
paypal account in nepal,6,173,3.47%,3.73
paypal legal in nepal,5,144,3.47%,3.73
cloud consulting in nepal,5,17,29.41%,8.94
can we use paypal in nepal,4,479,0.84%,4.2
paypal is available in nepal,4,322,1.24%,4.29
paypal,4,305,1.31%,2.48
why is zoom not working,4,270,1.48%,5.59
will paypal come to nepal,4,42,9.52%,4.86
which bank support paypal in nepal,3,454,0.66%,6.54
zoom nepal,3,239,1.26%,8.53
how to use paypal in nepal,3,216,1.39%,3.9
can paypal be used in nepal,3,212,1.42%,3.24
zoom not working fix,3,191,1.57%,4.4
paypal in nepal news,3,84,3.57%,3.68
think and move it solutions,3,68,4.41%,4.49
zoom price in nepal,2,280,0.71%,3.45
paypal available in nepal,2,197,1.02%,4.59
anil wagle,2,56,3.57%,4.73
microsoft teams vs zoom for business,2,24,8.33%,15.62
thinkmove xy,2,14,14.29%,7.43
paypal account nepal,2,6,33.33%,9.33
amazon,1,1601,0.06%,6.98
can i use paypal in nepal,1,398,0.25%,3.92
zoom not working,1,371,0.27%,6.41
zoom reseller,1,197,0.51%,55.42
aws services overview 2026,1,170,0.59%,5.99
nepal paypal,1,109,0.92%,5.8
thinkmove xy consultancy,1,104,0.96%,7.79
how to make paypal account in nepal,1,87,1.15%,1.91
zoom app not working,1,80,1.25%,6.84
zoom is unable to detect a camera,1,79,1.27%,9.91
is zoom having issues,1,76,1.32%,6.74
zoom free vs paid,1,74,1.35%,5.19
does paypal works in nepal,1,70,1.43%,5.27
zoom meeting not working,1,62,1.61%,3.69
aws new features 2026,1,58,1.72%,6.69
how to open paypal account in nepal,1,52,1.92%,1.65
paypal work in nepal,1,49,2.04%,6.06
paypal nepal restrictions,1,46,2.17%,1.17
it company lalitpur,1,43,2.33%,22.6
zoom issues today in my area,1,34,2.94%,4.85
aws in nepal,1,34,2.94%,12.94
why isn't my zoom working,1,33,3.03%,5.45
aws databases list,1,23,4.35%,7.83
when is paypal coming to nepal,1,20,5%,2.8
can i open paypal account in nepal,1,18,5.56%,4.72
paypal account,1,17,5.88%,4.82
aws trends 2026,1,15,6.67%,6
think and move,1,13,7.69%,7.08
aws bedrock,1,12,8.33%,16
it company kathmandu,1,12,8.33%,17.67
amazon bedrock 2026 updates,1,11,9.09%,5.73
it company in kathmandu,1,10,10%,21.7
paypal business account in nepal,1,9,11.11%,5.78
it company in lalitpur,1,8,12.5%,22.38
paypal nepal 2026,1,7,14.29%,5.29
why won't zoom open,1,7,14.29%,7
zoom unable to launch video meeting when possible please restart,1,5,20%,10
temu in nepal,1,3,33.33%,1
still not working,1,2,50%,6
how to opne,1,1,100%,3
pypal.com,1,1,100%,4
www paypal com sign up,1,1,100%,4
zoom agentic ai,1,1,100%,4
whenn,1,1,100%,5
how many total,1,1,100%,6
aws native services,1,1,100%,8
all aws services list,1,1,100%,12
toolsmandu,1,1,100%,12
aws services 2026,0,10941,0%,9.02
aws bedrock updates 2026,0,2184,0%,5.73
aws database services overview 2026,0,899,0%,5.94
is zoom no longer free?,0,813,0%,10.18
aws bedrock updates april 2026,0,674,0%,7.34
aws announcements march 2026,0,614,0%,6.67
"microsoft and aws cybersecurity and cloud solutions singapore 2026 market 
positioning",0,602,0%,3.79
aws bedrock updates march 2026,0,581,0%,6.19
amazon bedrock updates 2026,0,500,0%,5.46
amazon competitive landscape aws e-commerce industry trends 2026,0,450,0%,15.31
aws bedrock update april 2026,0,425,0%,7.86
aws cloud storage services overview 2026,0,412,0%,6.76
aws news march 2026,0,375,0%,6.17
aws bedrock update march 2026,0,331,0%,6.58
paypal availability in nepal,0,326,0%,4.18
amazon web services aws company overview 2026,0,315,0%,6.26
aws number of services 2026,0,312,0%,5.62
aws cloud databases services overview 2026,0,305,0%,4.83
amazon web services overview 2026,0,297,0%,3.79
aws announcements april 2026,0,297,0%,7.78
aws new features march 2026,0,278,0%,5.53
amazon bedrock supported models 2026,0,278,0%,6.92
number of aws services 2026,0,272,0%,4.71
amazon bedrock latest features 2026,0,249,0%,5.08
aws updates march 2026,0,238,0%,6.44
aws amazon web services overview 2026,0,236,0%,4.11
aws amazon bedrock ai updates april 2026,0,233,0%,4.7
how many services does aws offer 2026,0,222,0%,5.32
zoom,0,221,0%,3.6
zoom authorized resellers,0,218,0%,32.28
aws databases,0,207,0%,48.18
paypal availability in nepal 2026,0,201,0%,3.55
amazon bedrock flows general availability date,0,196,0%,8.28
aws news today 2026,0,195,0%,8.39
aws app deployment services overview 2026,0,194,0%,5.71
dynamodb to redshift migration tools comparison 2025 2026,0,193,0%,5.7
amazon bedrock updates april 2026,0,192,0%,7.49
zoom free plan meeting time limit 2026,0,192,0%,9.21
dynamodb vector search update 2026,0,190,0%,3.29
aws bedrock supported models 2026,0,189,0%,6.68
aws bedrock update 2026,0,179,0%,6.96
aws vector database offerings 2026,0,178,0%,5.59
paypal nepal availability 2026,0,178,0%,6.52
zoom vs microsoft teams,0,178,0%,54.47
buy zoom pro reseller license,0,176,0%,32.94
paypal is legal in nepal,0,172,0%,4.39
databases on aws,0,165,0%,43.71
amazon web services aws overview 2026,0,164,0%,5.4
amazon bedrock ai developments 2026,0,156,0%,5.05
aws bedrock updates 2026 news,0,156,0%,5.44
aws cloud services overview 2026,0,155,0%,5.88
what is aws amazon web services overview 2026,0,154,0%,3.08
why is my zoom not working,0,153,0%,5.14
amazon bedrock key features 2026,0,152,0%,4.2
does nepal use paypal,0,152,0%,4.84
zoom issues,0,150,0%,7.66
microsoft teams vs zoom,0,150,0%,54.18
zoom pro subscription in nepal,0,149,0%,15.51
amazon bedrock updates march 2026,0,144,0%,6.65
aws what's new march 2026,0,144,0%,7.07
aws database,0,140,0%,40.02
does nepal have paypal,0,138,0%,5.36
aws database services performance and scalability evaluation 2025 2026,0,135,0%,4.67
aws vector database options comparison 2025 2026,0,132,0%,6.39
is there paypal in nepal,0,131,0%,4.92
amazon bedrock update april 2026,0,131,0%,7.07
zoom vs microsoft teams market share 2026,0,130,0%,5.3
how many services does aws have 2026,0,128,0%,6.06
amazon bedrock available models 2026,0,127,0%,7.98
aws data analytics services overview 2026,0,126,0%,5.39
is paypal in nepal,0,126,0%,5.6
amazon bedrock latest updates 2026,0,123,0%,4.89
aws latest news 2026,0,122,0%,6.28
paypal availability in nepal for receiving payments,0,121,0%,1.52
do paypal work in nepal,0,121,0%,3.98
seo associate,0,118,0%,29.89
aws bedrock new features 2026,0,115,0%,5.5
aws bedrock available models 2026,0,115,0%,7.16
zoom free plan time limit 2026,0,115,0%,8.04
amazon competitive landscape aws e-commerce cloud trends 2026,0,114,0%,12.6
aws latest news march 2026,0,113,0%,6.14
aws bedrock latest features 2026,0,111,0%,5.4
amazon web services company overview 2026,0,111,0%,5.7
cloud consulting nepal,0,111,0%,6.51
aws web hosting services overview 2026,0,111,0%,7.07
amazon bedrock pricing 2026,0,111,0%,11.57
zoom free plan limitations 2026,0,110,0%,5.18
aws storage services overview 2026,0,109,0%,7.6
zoom vs microsoft teams comparison 2026,0,109,0%,10.22
aws migration in nepal,0,109,0%,10.4
aws database types,0,109,0%,42.17
aws services list 2026,0,108,0%,6.35
aws bedrock pricing 2026,0,107,0%,10.52
aws what's new april 2026,0,107,0%,15.62
cloud service providers in nepal,0,107,0%,16.15
amazon bedrock,0,107,0%,22.59
aws database options,0,107,0%,45.49
aws iot core updates 2026,0,105,0%,5.62
aws cloud databases overview 2026,0,102,0%,4.71
aws new services 2026,0,101,0%,6.53
how many aws services are there 2026,0,100,0%,4.68
what is aws amazon web services explanation 2026,0,99,0%,2.59
amazon bedrock agents features 2026,0,99,0%,6.85
zoom problem,0,99,0%,11.45
is paypal available in nepal 2025,0,98,0%,2.74
is paypal available in nepal 2026,0,98,0%,4.88
amazon bedrock new features 2026,0,98,0%,6.08
aws database blog,0,98,0%,7.88
amazon bedrock overview 2026,0,97,0%,5.06
aws databases overview 2026,0,97,0%,6.69
aws overview 2026,0,96,0%,5.77
does paypal work in nepal?,0,94,0%,4.16
"""aws"" new features march 2026",0,93,0%,4.24
why zoom is not working,0,93,0%,5.31
aws lightsail updates 2026,0,92,0%,6.14
zoom free plan limits 2026,0,92,0%,8.23
zoom not connecting,0,92,0%,10.47
how to create paypal account in nepal,0,91,0%,6.03
aws,0,90,0%,2.86
zoom problems,0,90,0%,8.53
amazon bedrock features 2026,0,89,0%,6.39
zoom free plan features 2026,0,89,0%,6.62
aws bedrock updates 2026 april,0,89,0%,8.37
aws database services pricing overview 2026,0,88,0%,10.06
aws announcements 2026,0,87,0%,7.59
amazon web services major announcements 2026,0,86,0%,3.56
amazon aws news march 2026,0,86,0%,5.5
aws news today march 2026,0,86,0%,7.67
amazon bedrock supported foundation models 2026,0,85,0%,6.75
can you use paypal in nepal,0,84,0%,4.3
aws database services list 2026,0,84,0%,4.82
is payoneer legal in nepal,0,84,0%,8.06
latest aws news march 2026,0,83,0%,5.71
zoom connection issues,0,83,0%,12.06
aws services for distributed sql databases 2025 2026,0,82,0%,1.3
is paypal available in nepal?,0,82,0%,3.94
zoom free plan meeting limit 2026,0,81,0%,8.69
what is cloud consulting,0,81,0%,25
how many aws services 2026,0,80,0%,4.39
microsoft teams vs zoom 2026,0,80,0%,15.95
amazon web services it services news 2026,0,79,0%,4.49
most popular aws services 2026,0,79,0%,6.43
paypal availability nepal,0,76,0%,4.22
aws security updates march 2026,0,76,0%,7.62
amazon bedrock new features 2025 2026,0,76,0%,8.54
what is amazon web services aws overview 2026,0,75,0%,2.97
aws bedrock news april 2026,0,75,0%,7.01
amazon bedrock models list 2026,0,75,0%,7.63
amazon databases,0,75,0%,43.24
teams vs zoom,0,75,0%,57.91
paypal availability in nepal 2025,0,71,0%,1.23
amazon bedrock latest features march 2026,0,71,0%,4.41
microsoft team vs zoom,0,70,0%,53.23
mature enterprise cloud consulting capabilities,0,68,0%,7.21
make up a reason why my zoom wasnt working,0,68,0%,7.29
aws bedrock updates 2026 announcement,0,68,0%,7.85
aws bedrock release notes april 2026,0,68,0%,8.62
aws whats new march 2026,0,67,0%,6.12
amazon web services competitors 2026,0,66,0%,5.27
aws bedrock new features april 2026,0,66,0%,5.76
aws bedrock updates 2026 march,0,66,0%,6.44
aws bedrock models list 2026,0,66,0%,7.47
aws bedrock agents 2026,0,66,0%,7.59
aws bedrock free tier 2026,0,66,0%,9.68
should my company use zoom or teams for video meetings?,0,65,0%,4.75
zoom pricing free plan 2026,0,65,0%,7.91
aws ec2 telemetry data processing backlog feb 25 2026 report,0,65,0%,8.4
zoom free plan meeting duration limit 2026,0,65,0%,9.51
zoom audio glitch duration,0,65,0%,9.57
zoom solution for education,0,65,0%,80.28
aws bedrock features 2026,0,64,0%,6.48
zoom not loading,0,64,0%,7.45
microsoft teams vs zoom comparison 2026,0,64,0%,10.66
zoom vs discord comparison 2025 2026,0,63,0%,1.71
aws bedrock news march 2026,0,63,0%,5.44
amazon database services,0,63,0%,46.7
evaluate the database software company aws on modern data infrastructure,0,62,0%,2.4
aws new services march 2026,0,62,0%,5.97
aws bedrock april 2026 update,0,62,0%,6.97
main differences between zoom and discord for communication,0,62,0%,7.08
aws new services announcements april 2026,0,62,0%,8.55
aws news updates march 2026,0,61,0%,7.34
amazon bedrock news april 2026,0,61,0%,7.98
zoom camera not working,0,61,0%,12.8
zoom meeting,0,60,0%,2.28
aws amazon web services latest news 2026,0,60,0%,3.9
is paypal coming to nepal,0,60,0%,4.77
aws s3 new features 2026,0,59,0%,4.25
aws healthcare market share 2026,0,59,0%,6.14
aws updates 2026,0,59,0%,7.29
zoom vs teams free service performance comparison,0,59,0%,7.68
zoom vs teams,0,59,0%,50.59
aws number of services 2025 or 2026,0,58,0%,6.28
amazon bedrock supported models april 2026,0,58,0%,6.74
aws bedrock ai updates april 2026,0,57,0%,4.09
aws bedrock latest updates 2026,0,57,0%,4.32
aws bedrock ai updates march 2026,0,57,0%,5.25
aws bedrock overview 2026,0,57,0%,5.63
aws cloud application deployment services features 2026,0,57,0%,5.7
paypal supported countries nepal,0,57,0%,5.93
amazon bedrock overview features 2026,0,57,0%,6.61
aws database solutions,0,57,0%,43.81
aws data management services overview 2026,0,56,0%,4.55
zoom is not working,0,56,0%,6.55
dynamodb updates 2026,0,56,0%,6.89
zoom troubleshooting,0,56,0%,15.84
aws ec2 latest features 2026,0,55,0%,5.84
aws technologies overview 2026,0,55,0%,6.56
paypal nepal availability,0,55,0%,7.13
aws sagemaker updates 2026,0,55,0%,8.56
amazon bedrock agents overview 2026,0,54,0%,5.91
amazon bedrock update march 2026,0,54,0%,6.96
zoom free plan meeting limits 2026,0,54,0%,7.87
is there still a free version of zoom?,0,54,0%,11.06
zoom app,0,53,0%,2.13
amazon web services strength 2026,0,53,0%,4.04
aws bedrock 2026 updates,0,53,0%,5.58
amazon bedrock update 2026,0,53,0%,6.25
aws data and analytics services overview 2026,0,53,0%,6.89
aws performance 2026,0,53,0%,8.4
amazon bedrock overview key features 2026,0,52,0%,5.31
aws ec2 new features 2026,0,52,0%,5.75
aws step functions updates 2026,0,52,0%,6.38
aws bedrock agents features 2026,0,52,0%,6.87
aws database services flexible deployment options,0,51,0%,14.63
aws bedrock number of models 2026,0,50,0%,5.16
zoom vs microsoft teams vs google meet market share 2026,0,50,0%,8.02
aws bedrock guardrails pricing 2026,0,50,0%,8.12
best cloud computing in nepal,0,50,0%,15.38
can nepalis receive payments via paypal,0,49,0%,3.2
amazon web solutions,0,49,0%,26.92
zoom meeting time limit free vs paid 2026,0,48,0%,4.08
amazon aws bedrock ai news april 2026,0,48,0%,4.85
ist zoom kostenlos,0,47,0%,1
aws database services scalability comparison 2025 or 2026,0,47,0%,6.09
zoom pricing free plan features 2026,0,47,0%,7.02
aws ai development platform evaluation 2026,0,47,0%,13.43
what database does amazon use,0,47,0%,20.28
video not working on zoom,0,47,0%,41.94
can we make paypal account in nepal,0,46,0%,3.59
aws bedrock ai updates 2026,0,46,0%,4.24
aws amazon web services latest news march 2026,0,46,0%,4.33
zoom down,0,46,0%,4.43
amazon bedrock new features april 2026,0,46,0%,5.63
is zoom down,0,45,0%,2.91
aws core services overview 2026,0,45,0%,4.89
aws bedrock news 2026,0,45,0%,7.09
does paypal work in nepal 2026,0,44,0%,5.59
microsoft teams vs zoom market share 2026,0,44,0%,6.52
custom software development nepal,0,44,0%,13.05
software company in kathmandu,0,44,0%,23.84
amazon aws announcements march 2026,0,43,0%,6.02
amazon bedrock knowledge bases pricing 2026,0,43,0%,7.79
amazon bedrock agentcore pricing 2026,0,43,0%,7.88
amazon bedrock guardrails pricing 2026,0,43,0%,8.02
aws bedrock knowledge bases pricing 2026,0,43,0%,8.33
aws database services list,0,43,0%,8.91
is zoom free,0,43,0%,30.07
aws bedrock march 2026 update,0,42,0%,5.9
amazon bedrock intelligent prompt routing general availability date,0,42,0%,7.43
how to withdraw money from paypal in nepal,0,41,0%,1.39
"""zoom server issue. sw needs to harden but not a regression""",0,41,0%,3.15
zoom fault,0,41,0%,3.51
amazon bedrock flows features 2026,0,41,0%,3.85
aws s3 latest features 2026,0,41,0%,5.39
aws bedrock news today 2026,0,41,0%,7.51
amazon bedrock latest features 2025 2026,0,41,0%,7.59
amazon bedrock launch date,0,41,0%,9.34
amazon bedrock agents pricing 2026,0,41,0%,9.66
evaluate the cloud computing company aws on infrastructure as a service,0,40,0%,3.45
amazon bedrock updates 2026 news,0,40,0%,5.62
aws bedrock ai enterprise announcement 2026,0,40,0%,6
why isn't zoom working,0,40,0%,6.3
aws web hosting services evaluation 2026,0,40,0%,8.8
amazon s3 is a relational database,0,40,0%,82.08
is zoom the best video conferencing tool for small businesses 2026,0,39,0%,4.51
my zoom is not working,0,39,0%,4.77
aws cloud migration services smb 2025-2026,0,39,0%,6.59
"zoom workplace vs microsoft teams vs google meet for professional services 
consulting 2025 or 2026",0,39,0%,6.64
amazon bedrock agents 2026,0,39,0%,6.87
zoom free meeting time limit 2026,0,39,0%,9.28
amazon competitive landscape e-commerce aws cloud trends 2026,0,39,0%,15.08
cloud service in nepal,0,39,0%,20.9
is payoneer available in nepal,0,38,0%,1.18
payoneer in nepal,0,38,0%,2.5
zoom free vs paid features 2026,0,38,0%,3.79
paypal works in nepal,0,38,0%,6.16
why zoom is not working on my phone,0,38,0%,7
zoom complaints 2026 issues zoom outage complaints,0,38,0%,7.26
zoom free trial,0,38,0%,7.68
best database backup software for aws rds 2025 2026,0,38,0%,7.76
zoom vs teams market share,0,38,0%,25
site:https://thinkmovesolutions.com/,0,38,0%,36.26
new aws services announced 2025 2026,0,37,0%,3.22
paypal availability nepal 2026,0,37,0%,3.84
aws bedrock new features march 2026,0,37,0%,5.08
aws cdk updates 2026,0,37,0%,7.59
amazon bedrock model lifecycle 2026,0,37,0%,9.08
zoom vs discord,0,37,0%,9.81
zoom not responding,0,36,0%,4.61
aws textract updates 2026,0,36,0%,4.67
paypal availability in nepal 2024,0,36,0%,4.86
amazon bedrock latest updates 2025 2026,0,36,0%,5.44
amazon bedrock new features march 2026,0,36,0%,6.22
aws re:invent 2026 dates,0,36,0%,6.67
amazon bedrock news march 2026,0,36,0%,7.28
aws announcement march 2026,0,36,0%,7.83
aws why,0,36,0%,38.19
amazon web services strategic priorities 2026,0,35,0%,5.46
paypal supported countries nepal 2026,0,35,0%,5.51
aws bedrock agents updates 2026,0,35,0%,6
aws bedrock updates 2026 recency:3,0,35,0%,6.34
aws redshift data services april 2026,0,35,0%,7.4
aws bedrock features pricing models 2026,0,35,0%,8.8
best data management software for companies using aws 2026,0,35,0%,9.37
zoom vs microsoft teams for remote work 2025 2026 comparison,0,35,0%,14.6
aws app deployment services evaluation 2026,0,34,0%,4.15
aws core services list 2026,0,34,0%,4.59
compare zoom and discord for small businesses,0,34,0%,5.09
why my zoom is not working,0,34,0%,5.24
aws databases services overview 2026,0,34,0%,5.29
amazon web services announcements 2026,0,34,0%,6
aws bedrock updates 2025 2026,0,34,0%,6
amazon bedrock new models 2026,0,34,0%,7
aws glue updates 2026,0,34,0%,7.35
aws ai services list 2026,0,34,0%,7.97
amazon sagemaker updates 2026,0,34,0%,8.24
aws data storage services overview 2026,0,34,0%,9.35
cloud consulting strategy,0,34,0%,9.79
paypal availability for receiving payments in nepal,0,33,0%,1.64
amazon bedrock what is it 2026,0,33,0%,3.73
aws cloud databases overview services evaluation 2026,0,33,0%,5.03
aws bedrock key features 2026,0,33,0%,5.09
aws glue new features 2026,0,33,0%,7.03
aws bedrock announcement april 2026,0,33,0%,7.64
zoom workplace vs microsoft teams g2 comparison,0,33,0%,8.73
zoom pricing free plan limits 2026,0,33,0%,8.88
amazon bedrock new models added 2026,0,33,0%,9.24
amazon competitive landscape e-commerce cloud aws trends 2026,0,33,0%,11.61
amazon competitive landscape e-commerce aws trends 2026,0,33,0%,18.12
zoom vs discord for small businesses comparison 2025 2026,0,32,0%,1.03
aws free tier details 2026,0,32,0%,3
is zoom phone free 2026,0,32,0%,3.31
aws bedrock update 2026 news,0,32,0%,5.47
aws latest announcements march 2026,0,32,0%,6.28
amazon bedrock available foundation models 2026,0,32,0%,6.47
aws bedrock supported models march 2026,0,32,0%,6.47
discord vs zoom,0,32,0%,7.72
paypal supported countries list nepal,0,32,0%,8.88
amazon bedrock supported models march 2026,0,32,0%,9.06
zoom video not working,0,32,0%,34.59
aws database services,0,32,0%,47
paypal to esewa,0,31,0%,1.03
aws marketplace security feature update 2026,0,31,0%,3
can we open paypal account in nepal,0,31,0%,3.52
best wide column database on aws 2026,0,31,0%,4.03
aws platform as a service services list 2026,0,31,0%,4.06
aws bedrock number of foundation models 2026,0,31,0%,4.13
amazon aws strength 2026,0,31,0%,6.16
aws bedrock supported regions 2026,0,31,0%,7.61
most commonly used aws services 2026,0,31,0%,10.06
aws database services data models flexibility comparison,0,31,0%,10.29
troubleshooting zoom,0,31,0%,16.81
teams webinar vs zoom webinar,0,31,0%,41.97
zoom built-in recording free vs paid,0,30,0%,2.8
zoom complaints 2026 issues zoom outages complaints,0,30,0%,3.03
aws compute services overview 2026,0,30,0%,4.27
current number of aws services 2026,0,30,0%,5.23
paypal availability nepal receive payments,0,30,0%,5.27
amazon web services latest news march 2026,0,30,0%,5.3
aws vector database services 2026,0,30,0%,5.43
aws over 240 fully featured services official,0,30,0%,5.47
zoom camera not working troubleshooting 2026,0,30,0%,5.8
aws latest updates 2026,0,30,0%,5.97
zoom vs microsoft teams for webinars and internal comms 2026,0,30,0%,8.03
zoom free meeting limit 2026,0,30,0%,8.87
amazon bedrock flows launch date,0,30,0%,9.27
what database does amazon use?,0,30,0%,21.5
can nepali freelancers receive payments via paypal,0,29,0%,2.14
amazon aws recent developments 2026,0,29,0%,3.1
aws free tier 2026,0,29,0%,3.41
aws enterprise search offerings 2026,0,29,0%,3.45
zoom complaints 2026 outage zoom issues recent,0,29,0%,3.83
amazon web services growth areas 2026,0,29,0%,4.48
amazon bedrock latest features updates 2026,0,29,0%,5
current aws support plans 2026,0,29,0%,6.24
amazon aws latest news 2026,0,29,0%,6.52
problems with zoom,0,29,0%,8.38
amazon bedrock overview features pricing 2026,0,29,0%,8.79
zoom meeting not connecting,0,29,0%,9.17
zoom link not working,0,29,0%,11.83
amazon competitive landscape e-commerce aws industry trends 2026,0,29,0%,14.97
how many aws services are there in 2026,0,28,0%,3.57
"i run a consulting biz, what’s the smartest choice for client meetings and 
collaboration: zoom workplace or something else?",0,28,0%,4.43
amazon web services latest developments 2026,0,28,0%,4.61
aws amazon web services company overview 2026,0,28,0%,5.43
best aws database services 2026,0,28,0%,6.32
amazon bedrock intelligent prompt routing release date,0,28,0%,6.61
aws cloud news march 2026,0,28,0%,6.61
aws security updates 2026,0,28,0%,7.54
aws machine learning services overview 2026,0,28,0%,9.86
zoom network issues,0,28,0%,13.89
cloud consulting meaning,0,28,0%,15.96
cloud consulting,0,28,0%,30.82
payoneer nepal,0,27,0%,2.26
aws total number of services 2026,0,27,0%,3.59
aws bedrock new model april 2026,0,27,0%,4.7
zoom free plan details 2026,0,27,0%,5.07
why is my zoom app not working,0,27,0%,6.22
why isnt my zoom working,0,27,0%,6.3
aws quicksight updates 2026,0,27,0%,6.33
complete list of aws services 2026,0,27,0%,6.78
aws bedrock 2026,0,27,0%,6.85
aws ai services overview 2026,0,27,0%,7
zoom meeting issues,0,27,0%,7.11
amazon bedrock latest models 2026,0,27,0%,7.48
how to restart zoom,0,27,0%,7.59
aws bedrock agents pricing 2026,0,27,0%,9.67
zoom vs microsoft teams market share 2025 2026,0,27,0%,10.63
database freedom aws,0,27,0%,62.89
amazon bedrock intelligent prompt routing 2026,0,26,0%,3.42
aurora serverless v2 updates 2026,0,26,0%,3.46
zoom outage,0,26,0%,3.69
aws cloud automation services features evaluation 2025 2026,0,26,0%,4
aws cloud databases overview services 2026,0,26,0%,4
amazon web services latest news 2026,0,26,0%,5.08
latest trends aws 2025 2026,0,26,0%,5.31
zoom issue,0,26,0%,6.31
dynamodb latest features 2026,0,26,0%,6.46
aws bedrock available models april 2026,0,26,0%,6.85
aws vector database offerings evaluation 2025 2026,0,26,0%,7.12
zoom free plan meeting duration 2026,0,26,0%,8.31
how does zoom cost compare with discord cost?,0,26,0%,8.62
amazon bedrock features pricing models 2026,0,26,0%,8.77
zoom free account meeting time limit 2026,0,26,0%,8.81
amazon bedrock agentcore features 2026,0,26,0%,8.88
aws key-value database services,0,26,0%,18.23
discord zoom integration,0,26,0%,23.69
top aws services by usage 2026,0,25,0%,5.28
is paypal banned in nepal,0,25,0%,5.56
aws cloud databases overview services features 2026,0,25,0%,6.72
why is zoom not working on my phone,0,25,0%,6.72
sagemaker updates 2026,0,25,0%,7.76
oops something went wrong please close all browsers and rejoin the meeting,0,25,0%,8.12
zoom free meeting duration limit 2026,0,25,0%,10.08
issues with zoom,0,25,0%,13.88
amazon competitive landscape aws e-commerce 2026 trends,0,25,0%,14.44
amazon database,0,25,0%,51.28
"""outsourcing in nepal""",0,25,0%,80.32
zoom google equivalent,0,25,0%,86.4
"evaluate the cloud infrastructure company amazon on infrastructure as a 
service (iaas)",0,24,0%,3.67
aws updates ec2 lambda s3 march 2026,0,24,0%,4.83
aws latest announcements 2026,0,24,0%,5.38
aws data infrastructure strengths weaknesses 2026,0,24,0%,6.71
latest aws news 2026,0,24,0%,6.79
amazon aws updates 2026,0,24,0%,7.04
aws bedrock pricing changes 2026,0,24,0%,8.96
zoom vs microsoft teams comparison features 2026,0,24,0%,9
amazon bedrock flows introduction date,0,24,0%,9.62
why is my zoom not connecting,0,24,0%,9.79
why is my zoom breaking up,0,24,0%,12.67
aws data security features 2026,0,24,0%,13.46
amazon bedrock vs azure openai comparison 2026,0,24,0%,16.58
ms teams vs zoom bandwidth,0,24,0%,18.83
aws database services evaluation review 2025 2026,0,23,0%,1.65
does payoneer work in nepal,0,23,0%,1.91
zoom vs discord comparison 2026,0,23,0%,2
is paypal allowed in nepal,0,23,0%,4.26
paypal to nepal,0,23,0%,4.61
amazon web services performance 2026,0,23,0%,4.83
amazon bedrock new model april 2026,0,23,0%,5.61
why does my zoom meeting keeps disconnecting,0,23,0%,6.3
aws database services overview 2026 financial services,0,23,0%,6.48
aws vector database options 2026,0,23,0%,6.87
amazon bedrock available models march 2026,0,23,0%,7.96
zoom meaning in nepali,0,23,0%,9.83
do you have to pay for zoom,0,23,0%,16.96
proactive bulk sms,0,23,0%,73.39
evaluate the database software company aws on top ten factors,0,22,0%,1.45
aws database services overview 2025 2026,0,22,0%,1.5
zoom meeting time limits free vs paid 2026,0,22,0%,2.64
aws marketplace security features update 2026,0,22,0%,3.36
evaluate the database software company aws on databases for scale,0,22,0%,3.82
aws bedrock model catalog size 2026,0,22,0%,4.55
aws scheduled maintenance march 2026,0,22,0%,5
aws status march 25 2026,0,22,0%,6.09
aws app runner updates 2026,0,22,0%,6.68
free zoom vs paid,0,22,0%,6.77
reseller meaning in nepali,0,22,0%,6.82
where can i get consulting for multi-cloud architecture decisions?,0,22,0%,9.45
is zoom not working,0,22,0%,9.82
zoom vs discord differences for communication 2025 2026,0,21,0%,2.05
can i create paypal account in nepal,0,21,0%,2.1
paypal availability nepal 2025,0,21,0%,2.95
zoom pricing vs discord pricing 2026,0,21,0%,3
aws infrastructure as a service overview features 2026,0,21,0%,3.81
amazon s3 latest features 2026,0,21,0%,4.62
aws rds supported database engines 2026,0,21,0%,4.9
amazon aws overview 2026,0,21,0%,5.19
aws athena updates 2026,0,21,0%,5.52
aws most popular services 2026,0,21,0%,5.52
is paypal illegal in nepal,0,21,0%,6
aws bedrock supported models april 2026,0,21,0%,7.1
amazon bedrock new models march 2026,0,21,0%,7.81
why is zoom not working on my laptop,0,21,0%,7.9
zoom not connected,0,21,0%,9.43
amazon s3 vectors new features april 2026,0,21,0%,10.95
aws bedrock available models list 2026,0,21,0%,11.86
aws ai services for enterprise deployment 2026,0,21,0%,14.52
amazon competitive landscape aws e-commerce trends 2026,0,21,0%,16.52
zoom pros and cons for small business collaboration 2026,0,20,0%,3.25
zoom outages,0,20,0%,3.7
number of aws services march 2026,0,20,0%,4
amazon bedrock flows 2026,0,20,0%,4.2
can i make paypal account in nepal,0,20,0%,4.25
zoom free vs paid plan features 2026,0,20,0%,4.35
amazon bedrock features overview 2026,0,20,0%,4.5
aws bedrock new models april 2026,0,20,0%,4.8
does aws bedrock support openai gpt models 2026,0,20,0%,5.2
aws ses updates 2026,0,20,0%,5.3
aws marketplace updates 2026,0,20,0%,5.35
aws consulting partners migration services 2026,0,20,0%,5.4
aws database portfolio overview 2026,0,20,0%,5.45
latest amazon bedrock features march 2026,0,20,0%,5.5
amazon bedrock new model march 2026,0,20,0%,5.75
aws what's new 2026,0,20,0%,6.15
aws web hosting services overview evaluation 2026,0,20,0%,6.5
complete list of all aws services 2026,0,20,0%,6.7
aws bedrock new models 2026,0,20,0%,6.85
why isnt zoom working,0,20,0%,7.4
zoom free plan participants limit 2026,0,20,0%,7.95
aws bedrock announcement 2026-04,0,20,0%,8.7
why is my zoom chat not working,0,20,0%,9.3
zoom free plan 40 minute limit 2026,0,20,0%,9.5
aws bedrock release date,0,20,0%,9.75
cloud consulting business,0,20,0%,18.7
microsoft teams vs zoom for professional services consulting,0,19,0%,1
is zoom down right now,0,19,0%,2.26
evaluate the cloud computing company aws on ai development platform,0,19,0%,2.42
aws paas services list 2026,0,19,0%,3.26
aws databases scalability features comparison 2025 2026,0,19,0%,3.42
amazon bedrock strongest features 2026,0,19,0%,4.05
yes,0,19,0%,4.58
zoom vs microsoft teams market share 2025 or 2026,0,19,0%,5.16
total number of aws services 2026,0,19,0%,5.53
differences between zoom and discord for communication,0,19,0%,6.21
aws bedrock model catalog 2026,0,19,0%,6.42
aws news updates 2026,0,19,0%,6.58
cloud solutions nepal,0,19,0%,6.95
amazon codewhisperer current status 2026,0,19,0%,7.21
aws bedrock supported foundation models 2026,0,19,0%,7.32
amazon web services aws data warehousing solutions for analytics 2026,0,19,0%,7.68
aws bedrock overview features pricing models supported 2026,0,19,0%,8.26
amazon bedrock free tier 2026,0,19,0%,8.95
amazon bedrock general availability date,0,19,0%,9.11
amazon bedrock release date,0,19,0%,9.63
how to fix zoom camera not working,0,19,0%,9.63
zoom is not connected,0,19,0%,10
aws status recent incidents 2026,0,19,0%,10.11
zoom education plan,0,19,0%,21.37
is zoom.free,0,19,0%,36.11
why my zoom video is not working,0,19,0%,39.42
aws free tier limits 2026,0,18,0%,2.33
aws vector database offerings evaluation 2026,0,18,0%,3.11
aws database services integration ecosystem evaluation 2025 2026,0,18,0%,3.39
what is aws,0,18,0%,3.83
amazon aws market share 2026,0,18,0%,3.94
aws business issues financial impact 2026,0,18,0%,4.11
amazon web services aws latest news 2026,0,18,0%,4.94
aws cloudformation latest features 2026,0,18,0%,5
zoom free plan 2026,0,18,0%,5.67
amazon bedrock agents supported foundation models 2026,0,18,0%,5.78
amazon rds supported database engines 2026,0,18,0%,5.78
system requirements zoom microsoft teams google meet 2026,0,18,0%,6
zoom isn't working,0,18,0%,6.33
my zoom app is not working,0,18,0%,6.56
aws rds latest features 2026,0,18,0%,6.89
amazon bedrock news 2026,0,18,0%,7.22
aws news 2026,0,18,0%,7.44
aws architecture blog march 2026,0,18,0%,7.67
dynamodb new features 2026,0,18,0%,7.67
zoom partner locator,0,18,0%,7.78
aws cloud databases services overview 2025 2026,0,18,0%,7.89
aws serverless updates 2026,0,18,0%,7.94
list of aws database services,0,18,0%,8.17
amazon web services updates march 2026,0,18,0%,8.5
aws bedrock pricing model 2026,0,18,0%,8.5
amazon bedrock new model announcements 2026,0,18,0%,9.44
aws bedrock pricing change march 2026,0,18,0%,9.44
microsoft teams vs zoom market share 2025 2026,0,18,0%,10.89
aws latest announcements april 2026,0,18,0%,11.61
pradeep pokharel,0,17,0%,1.94
zoom free vs paid differences 2026,0,17,0%,2.18
aws market share 2026,0,17,0%,2.24
latest aws services and technologies march 2026,0,17,0%,2.53
does paypal work in nepal for receiving payments 2026,0,17,0%,3.82
zoom vs microsoft teams for business video meetings 2026 comparison,0,17,0%,3.82
can i receive money on paypal in nepal,0,17,0%,4.53
in nepal,0,17,0%,5.06
amazon bedrock intelligent prompt routing supported models 2026,0,17,0%,5.24
amazon bedrock features updates 2025 2026,0,17,0%,5.82
zoom paid vs free,0,17,0%,6
amazon bedrock supported foundation models march 2026,0,17,0%,6.35
recent aws storage innovations announcements 2025 2026,0,17,0%,6.53
why is zoom not working?,0,17,0%,6.88
aws cloud market share 2026,0,17,0%,7.41
aws database innovations new features 2025 2026,0,17,0%,8
aws vector database options comparison 2026,0,17,0%,8.12
aws bedrock knowledge base pricing 2026,0,17,0%,8.18
zoom free plan meeting time limit 2026 official,0,17,0%,8.35
aws planned maintenance march 2026,0,17,0%,8.59
zoom can't detect camera,0,17,0%,10.53
aws infrastructure as a service iaas evaluation 2025 2026,0,17,0%,13.59
camera not working on zoom,0,17,0%,14.94
zoom meeting troubleshooting,0,17,0%,15.47
aws database services deployment options,0,17,0%,17
zoom vs teams comparison chart 2022,0,17,0%,27.59
amazon web services papi,0,17,0%,34.24
aws cloud storage services evaluation 2026,0,16,0%,3
zoom doesn't work,0,16,0%,4.12
nepal paypal availability,0,16,0%,4.44
amazon bedrock ai 2026,0,16,0%,4.75
amazon bedrock number of models 2026,0,16,0%,5.12
how to restart zoom app,0,16,0%,5.38
amazon nova models bedrock 2026,0,16,0%,5.69
aws bedrock release notes march 2026,0,16,0%,6.75
amazon bedrock agents update 2026,0,16,0%,6.88
aws bedrock announcements april 2026,0,16,0%,7
amazon web services retail solutions 2026,0,16,0%,7.5
aws security services list 2026,0,16,0%,7.69
amazon bedrock 2026,0,16,0%,7.81
zoom free plan recording allowed 2026,0,16,0%,8.25
aws bedrock vs azure ai foundry 2026,0,16,0%,8.69
aws bedrock free tier details 2026,0,16,0%,9.06
amazon bedrock new capabilities 2025 2026,0,16,0%,9.31
amazon nova pricing bedrock 2026,0,16,0%,9.44
amazon aws data storage services overview 2026,0,16,0%,10.5
aws bedrock pricing april 2026,0,16,0%,11
cloud development nepal,0,16,0%,12.62
zoom vs microsoft teams comparison 2025 2026,0,16,0%,14.06
custom software development in nepal,0,16,0%,15.12
cloud services in nepal,0,16,0%,18.38
troubleshoot zoom,0,16,0%,18.5
zoom free plan,0,16,0%,18.56
payoneer account in nepal,0,15,0%,1.67
evaluate the database software company aws on integration and ecosystem,0,15,0%,1.73
zoom camera not working fix 2026,0,15,0%,3.8
amazon bedrock ai release 2026,0,15,0%,4.33
aws re:invent 2026 dates location,0,15,0%,4.4
aws services count 2026,0,15,0%,4.4
amazon bedrock latest features april 2026,0,15,0%,4.8
amazon bedrock overview features models 2026,0,15,0%,5.27
amazon bedrock updates 2025 2026,0,15,0%,5.47
zoom not responding when joining meeting,0,15,0%,5.6
amazon bedrock latest updates march 2026,0,15,0%,6.07
aws bedrock available foundation models 2026,0,15,0%,6.13
aws bedrock agents update april 2026,0,15,0%,6.4
amazon web services market share 2026,0,15,0%,6.93
why is my zoom app not opening,0,15,0%,6.93
is zoom the best collaboration tool for small businesses?,0,15,0%,7.07
aws bedrock april 2026 updates,0,15,0%,7.13
aws announcements april 2026 new services,0,15,0%,7.73
zoom free plan recording limits 2026,0,15,0%,8.07
amazon aws news today 2026,0,15,0%,8.47
aws new services april 2026,0,15,0%,8.53
amazon bedrock agentcore latest features 2026,0,15,0%,8.73
zoom app is not working,0,15,0%,9.07
zoom not working on laptop,0,15,0%,10.33
amazon web services latest updates 2026,0,15,0%,11.6
vendor incentives for businesses migrating from on-premise solution 2026,0,15,0%,14
move solutions,0,15,0%,48.73
what is paypal,0,14,0%,2.21
aws analytics services 2026,0,14,0%,2.36
aws free tier services list 2026,0,14,0%,2.57
zoom complaints 2026 outage issues zoom recent,0,14,0%,3.71
"amazon aws cloud application deployment services features evaluation 2025 
2026",0,14,0%,4.07
aws bedrock ai developments 2026,0,14,0%,4.07
aws main services list 2026,0,14,0%,4.64
aws app deployment services evaluation 2025 2026,0,14,0%,4.86
is zoom free? zoom pricing plans 2026,0,14,0%,4.93
aws cloudformation new features 2026,0,14,0%,5.14
amazon web services overview,0,14,0%,6.21
amazon bedrock available models april 2026,0,14,0%,6.64
amazon web services news 2026,0,14,0%,6.71
amazon bedrock agents supported models 2026,0,14,0%,6.79
aws amazon web services strategic priorities 2026,0,14,0%,6.79
evaluate the database software company aws on data model and flexibility,0,14,0%,6.93
aws bedrock april 2026 announcement,0,14,0%,7
aws bedrock models available 2026,0,14,0%,7
zoom still working,0,14,0%,7
aws bedrock available models march 2026,0,14,0%,8.36
amazon redshift latest features 2026,0,14,0%,9
aws free tier data transfer out 2026,0,14,0%,9.29
zoom meeting problems,0,14,0%,9.5
aws bedrock model pricing 2026,0,14,0%,11
is zoom no longer free,0,14,0%,14.36
aws ai database strategy 2025 2026,0,14,0%,17.21
aws key value database,0,14,0%,66.21
can nepali freelancers use paypal,0,13,0%,1.23
is skrill legal in nepal,0,13,0%,1.31
amazon aws trending topics product releases 2026,0,13,0%,1.62
aws data management services overview 2025 2026,0,13,0%,1.77
paypal limitations in nepal,0,13,0%,1.92
why is paypal not available in nepal,0,13,0%,2.31
amazon services list 2026,0,13,0%,4.23
is paypal available in nepal 2025 paypal nepal availability,0,13,0%,4.77
aws new services 2025 2026,0,13,0%,5
aws latest news updates 2026,0,13,0%,5.23
amazon bedrock nova models 2026,0,13,0%,5.54
amazon aws bedrock ai news march 2026,0,13,0%,5.62
aws cloud databases overview services evaluation 2025 2026,0,13,0%,5.85
amazon bedrock latest features models 2026,0,13,0%,5.92
is zoom still working,0,13,0%,6
amazon bedrock news today 2026,0,13,0%,6.15
number of aws services 2025 or 2026,0,13,0%,6.31
aws updates 2026 news,0,13,0%,6.54
aws ai bedrock sagemaker latest news 2026,0,13,0%,6.69
aws service updates march 2026,0,13,0%,7
aws api gateway new features 2026,0,13,0%,7.23
zoom vs discord pricing comparison,0,13,0%,7.31
latest aws database launches announcements 2025 2026,0,13,0%,7.46
aws bedrock latest models 2026,0,13,0%,7.54
zoom oops something went wrong please close all browsers,0,13,0%,7.77
aws announcements march 2026 new services,0,13,0%,7.85
evaluate the it & computer hardware company aws on servers,0,13,0%,8.85
amazon bedrock agentcore overview 2026,0,13,0%,9
aws meaning in business,0,13,0%,9.46
best amazon aurora postgresql alternatives 2025 2026,0,13,0%,9.46
amazon aws bedrock sagemaker enterprise ai strategy 2025 2026,0,13,0%,11.38
zoom update issues,0,13,0%,14.62
trouver un partenaire zoom au sénégal,0,13,0%,39.31
aws database portfolio overview 2025 2026,0,12,0%,1
how many aws services are there,0,12,0%,1
how many services in aws,0,12,0%,1
aws big data processing services 2026,0,12,0%,1.42
aws native data management services comparison 2026,0,12,0%,1.5
zoom free plan features and limitations 2026,0,12,0%,2.17
zoom export not working bug fixed 2026,0,12,0%,2.58
aws ai services updates 2026,0,12,0%,3
pay pal,0,12,0%,3.33
zoom troubleshooting guide,0,12,0%,3.58
zoom is not responding,0,12,0%,3.67
is paypal available in nepal 2025 paypal nepal support,0,12,0%,3.83
aws summit 2026,0,12,0%,4.5
aws networking updates 2026,0,12,0%,4.58
amazon bedrock supported foundation models april 2026,0,12,0%,5.33
problem with zoom,0,12,0%,6
aws bedrock updates 2026 recency 3,0,12,0%,6.08
zoom bugs,0,12,0%,6.25
amazon web services updates today 2026,0,12,0%,7.42
aws bedrock agents update 2026,0,12,0%,8.08
zoom vs microsoft teams 2026 comparison,0,12,0%,8.08
zoom vs microsoft teams for business video meetings 2025 2026 comparison,0,12,0%,8.17
zoom workplace pros cons 2026,0,12,0%,8.75
aws new features april 2026,0,12,0%,8.92
what is aws amazon web services explanation for beginners,0,12,0%,9
aws lambda updates 2026,0,12,0%,9.08
aws new service announcement march 2026,0,12,0%,9.17
aws security bulletins march 2026,0,12,0%,9.42
zoom vs microsoft teams features comparison 2026,0,12,0%,9.42
aws bedrock vs azure ai foundry comparison 2026,0,12,0%,10.25
aws database services overview data models flexibility,0,12,0%,11.42
zoom cannot detect camera,0,12,0%,16
best vector database for aws integration performance 2025 2026,0,12,0%,18
it services in kathmandu,0,12,0%,19
zoom unable to detect camera,0,12,0%,19.25
bedrock platform,0,12,0%,22.17
teams vs zoom market share,0,12,0%,31.17
discord to zoom,0,12,0%,38.08
move solution,0,12,0%,49
"evaluate the internet services & digital advertising company amazon web 
services on databases",0,11,0%,1
aws cloud storage services overview evaluation 2026,0,11,0%,1.82
aws database services ease of use development experience review 2025 2026,0,11,0%,2
can people in nepal receive paypal payments 2025,0,11,0%,2.18
aws real-time data processing services 2025 or 2026,0,11,0%,2.36
zoom app kostenlos,0,11,0%,2.55
aws database services modernization features 2026,0,11,0%,2.73
paypal nepal availability 2026 can nepal receive paypal,0,11,0%,4.36
why zoom not working,0,11,0%,4.64
amazon warehouse system status march 2026,0,11,0%,5.55
"how does a vpc environment enhance the performance of ai-driven customer 
service agents? in 2026",0,11,0%,5.55
zoom free vs paid features,0,11,0%,5.91
amazon aws bedrock ai news 2026,0,11,0%,6.27
aws bedrock agents capabilities 2026,0,11,0%,6.36
amazon aws latest developments 2026,0,11,0%,6.55
aws bedrock models 2026,0,11,0%,7.18
aws service disruption march 2026,0,11,0%,7.82
top aws services 2026,0,11,0%,7.91
"session has not startedwaiting for the host to start the meeting. do not 
refresh this page, you will be connected automatically.",0,11,0%,8.18
zoom keeps disconnecting and reconnecting,0,11,0%,8.18
aws bedrock available regions 2026,0,11,0%,8.36
"which provider offers the easiest migration path to a distributed sql db 
from dynamodb?",0,11,0%,8.91
aws bedrock pricing change april 2026,0,11,0%,9.18
aws what's new announcements april 2026,0,11,0%,9.18
zoom vs microsoft teams 2026,0,11,0%,9.55
zoom not detecting camera,0,11,0%,9.64
aws market position 2026,0,11,0%,10.36
think more it solutions,0,11,0%,10.55
fix zoom camera not working,0,11,0%,11.82
best managed time series database service for saas 2025 2026,0,11,0%,16.55
microsoft teams vs zoom video webinar,0,11,0%,76.82
envoyer de l argent au nepal,0,10,0%,1
does paypal work in india,0,10,0%,1.2
zoom issues today,0,10,0%,1.7
amazon web services global impact 2026,0,10,0%,1.8
zoom problems today,0,10,0%,1.8
amazon web services,0,10,0%,1.9
amazon web services market capitalization 2026,0,10,0%,2.1
"evaluate the information technology & services company aws on cloud 
computing services",0,10,0%,2.9
is paypal available in nepal receive payments 2025,0,10,0%,3.3
evaluate the cloud computing company aws on data & analytics,0,10,0%,3.5
aws data services overview 2026,0,10,0%,3.6
amazon bedrock flows overview 2026,0,10,0%,4
most used aws services 2026,0,10,0%,4.2
aws bedrock new models march 2026,0,10,0%,4.5
number of models in aws bedrock 2026,0,10,0%,4.5
zoom free vs pro,0,10,0%,4.8
amazon bedrock latest updates models 2026,0,10,0%,5
amazon bedrock flows vs agents 2026,0,10,0%,5.3
aws main services categories 2026,0,10,0%,5.6
fix zoom,0,10,0%,5.7
zoom website not working,0,10,0%,5.8
zoom vs discord which is better for video calls meetings gaming,0,10,0%,5.9
"""240+ fully featured services"" ""aws""",0,10,0%,6
aws rds new features 2026,0,10,0%,6.2
amazon bedrock key features 2025 2026,0,10,0%,6.4
aws bedrock updates 2026 recency=3,0,10,0%,6.5
aws databases scalability features comparison 2026,0,10,0%,6.6
aws cloud news today 2026,0,10,0%,7
microsoft teams vs slack vs zoom 2026,0,10,0%,7
amazon web services 2026,0,10,0%,7.4
aws geospatial services 2026,0,10,0%,7.8
payoneer nepal availability 2025,0,10,0%,7.8
aws current status march 2026,0,10,0%,7.9
aws bedrock launch date,0,10,0%,8.6
zoom technical difficulties,0,10,0%,8.6
is zoom better than discord?,0,10,0%,8.8
microsoft teams vs zoom features comparison 2026,0,10,0%,8.8
zoom meeting time limit free plan 2026,0,10,0%,8.8
zoom doesn't detect camera,0,10,0%,9
payoneer availability nepal 2025,0,10,0%,9.1
aws bedrock updates may 2026,0,10,0%,9.8
amazon bedrock pricing free tier 2026,0,10,0%,10.8
aws free tier current offerings 2026,0,10,0%,11.6
aws s3 new features 2025 2026,0,10,0%,13.3
zoom not connecting to internet,0,10,0%,15.5
amazon web services contratar,0,10,0%,16
amazon web,0,10,0%,25.1
aws nepal,0,10,0%,26.4
is zoom free to use,0,10,0%,39.7
consulting cloud,0,10,0%,61.5
buy zoom pro account,0,10,0%,73.8
"evaluate the internet services & digital advertising company amazon web 
services on compute",0,9,0%,1
paypal payment,0,9,0%,1.22
paypal availability in nepal for freelancers,0,9,0%,1.44
aws server infrastructure evaluation 2026,0,9,0%,1.78
"evaluate the software & cloud computing company aws on scale with cloud and 
ai endpoints",0,9,0%,1.89
payoneer supported countries nepal,0,9,0%,2
can i link nepali bank account to paypal,0,9,0%,2.78
aws analytics services overview 2026,0,9,0%,3
"evaluate the technology company amazon web services on cloud infrastructure 
for enterprise applications",0,9,0%,3.44
amazon bedrock new model 2026,0,9,0%,3.67
aws summit bengaluru 2026,0,9,0%,3.67
zoom pricing free vs paid 2026,0,9,0%,3.67
zoom export not working issue 2026,0,9,0%,3.78
aws pricing changes 2026,0,9,0%,4
zoom free plan recording limitations 2026,0,9,0%,4
why is zoom not responding,0,9,0%,4.44
bedrock,0,9,0%,5.44
latest aws announcements march 2026,0,9,0%,5.56
aws new services announcements march 2026,0,9,0%,5.89
amazon web services pricing 2026,0,9,0%,6
aws bedrock openai models availability 2026,0,9,0%,6.11
amazon s3 new features 2026,0,9,0%,6.22
amazon bedrock production readiness 2026,0,9,0%,6.33
zoom free plan recording features 2026,0,9,0%,6.78
aws partner program updates 2026,0,9,0%,7
amazon web services strategic initiatives 2026,0,9,0%,7.11
aws bedrock announcement 2026-03,0,9,0%,7.11
aws api gateway latest features 2026,0,9,0%,7.33
amazon bedrock agents capabilities 2026,0,9,0%,7.44
amazon bedrock agents latest features 2026,0,9,0%,7.44
is zoom having issues right now,0,9,0%,7.44
does aws bedrock support google gemini models 2026,0,9,0%,7.56
best aws services for web hosting 2026,0,9,0%,7.89
zoom workplace business model 2026,0,9,0%,7.89
aws serverless trends 2026,0,9,0%,8
amazon bedrock pricing model 2026,0,9,0%,8.44
amazon bedrock flows orchestration 2026,0,9,0%,8.67
aws bedrock pricing update march 2026,0,9,0%,8.67
aws marketplace seller update march 2026,0,9,0%,8.78
aws security incident march 2026,0,9,0%,8.89
zoom vs microsoft teams differences 2026,0,9,0%,9
aws cost optimization 2026 updates,0,9,0%,9.11
aws security hub extended general availability 2026,0,9,0%,9.11
amazon web services announcements march 2026,0,9,0%,9.22
payoneer nepal receive payments 2025,0,9,0%,9.22
zoom free plan 40 minutes limit 2026,0,9,0%,9.44
microsoft teams free plan meeting time limit 2026,0,9,0%,10.11
aws bedrock pricing models 2026,0,9,0%,11.11
why is my zoom not opening,0,9,0%,11.33
"zoom workplace vs microsoft teams vs google meet for consulting business 
client meetings collaboration 2025 2026",0,9,0%,11.33
zoom workplace vs microsoft teams,0,9,0%,17.56
"zoom workplace vs microsoft teams vs google workspace comparison 2025 2026 
video calls chat whiteboard phone",0,9,0%,17.56
amazon web services business model,0,9,0%,19.11
amazon web services hosting,0,9,0%,51.67
"""thinkmove solutions"" -site:reddit.com -site:twitter.com -site:x.com 
-site:wykop.pl -site:tripadvisor.com -site:youtube.com -site:yelp.com 
-site:booking.com -site:facebook.com -site:instagram.com -site:tiktok.com",0,8,0%,1
zoom shutting down,0,8,0%,1
"evaluate the cloud infrastructure company amazon on cloud application 
deployment",0,8,0%,1.38
"evaluate the software & cloud computing company aws on ai for enterprise 
deployment",0,8,0%,1.75
paypal available countries,0,8,0%,1.88
amazon web services employee count 2026,0,8,0%,2
aws bedrock march 2026 new features,0,8,0%,3
what is amazon bedrock 2026,0,8,0%,3.75
aws bedrock model access request process 2026,0,8,0%,4.38
aws number of regions 2026,0,8,0%,4.75
aws bedrock updates 2026 new features,0,8,0%,4.88
aws company overview 2026,0,8,0%,4.88
cloudfront updates 2026,0,8,0%,4.88